Net Pos,Race No,Name,Net Time,Time Adj,Category,Net Cat Pos,Gender,Net Gender Pos,Wave,Start,Run,Row Erg,Deadball Burpee Over Target,Pendulum Shots,Bike Erg,Sandbag Gauntlet,Battle Rope Whips,Farmer's Carry,Agility Chamber,Ski Erg,Mule,Sled Push & Pull
1,G1759,JAMIE BARNETT,00:20:08.0,,All Ages,1,Male,1,Wave1 08:00:00,00:00:01.0,00:01:34.0,00:03:41.0,00:05:38.0,00:06:29.0,00:08:37.0,00:09:58.0,00:12:00.0,00:13:19.0,00:15:18.0,00:16:51.0,00:19:21.0,00:20:08.0
2,G1794,BILLY KEE HUANG NGIAM,00:22:02.0,,All Ages,2,Male,2,Wave3 08:20:00,00:00:05.0,00:02:18.0,00:04:35.0,00:06:30.0,00:07:25.0,00:09:51.0,00:11:34.0,00:13:40.0,00:14:51.0,00:17:12.0,00:19:04.0,00:20:34.0,00:22:02.0
3,G1866,ISAAC LEE,00:23:39.0,,All Ages,3,Male,3,Wave8 08:45:00,00:00:01.0,00:02:13.0,00:04:14.0,00:06:17.0,00:07:18.0,00:09:40.0,00:11:36.0,00:14:01.0,00:15:50.0,00:18:09.0,00:20:17.0,00:21:59.0,00:23:39.0
4,G1755,GAUTIER DE BRAEKELEER,00:23:43.0,,All Ages,4,Male,4,Wave1 08:00:00,00:00:00.0,00:01:57.0,00:04:06.0,00:06:34.0,00:07:43.0,00:10:01.0,00:12:16.0,00:14:39.0,00:16:05.0,00:18:13.0,00:20:04.0,00:21:42.0,00:23:43.0
5,G1851,YASSIN MOHD NOOR,00:23:47.0,,All Ages,5,Male,5,Wave7 08:40:00,00:00:02.0,00:02:25.0,00:04:46.0,00:06:52.0,00:08:24.0,00:10:57.0,00:12:39.0,00:14:26.0,00:16:06.0,00:18:22.0,,00:21:43.0,00:23:47.0
6,G1920,YOUWIIN YOGISH,00:24:30.0,,All Ages,6,Male,6,Wave11 09:00:00,00:00:02.0,00:02:14.0,00:04:17.0,00:06:41.0,00:07:45.0,00:10:15.0,00:12:00.0,00:14:51.0,00:16:30.0,00:18:46.0,00:20:41.0,00:22:20.0,00:24:30.0
7,G1758,JB GOURVIL,00:24:31.0,,All Ages,7,Male,7,Wave1 08:00:00,00:00:01.0,00:01:52.0,00:03:58.0,00:06:30.0,00:07:26.0,00:10:00.0,00:12:43.0,00:14:55.0,00:16:14.0,00:18:29.0,00:20:41.0,00:22:21.0,00:24:31.0
8,G1896,KIEN HAN LEE,00:24:36.0,,All Ages,8,Male,8,Wave10 08:55:00,00:00:01.0,00:02:16.0,00:04:39.0,00:07:10.0,00:08:16.0,00:10:48.0,00:12:59.0,00:14:41.0,00:16:25.0,00:18:37.0,00:20:55.0,00:22:21.0,00:24:36.0
9,G1798,CHRIS KHIK,00:25:16.0,,All Ages,9,Male,9,Wave3 08:20:00,00:00:03.0,00:02:24.0,00:04:34.0,00:06:34.0,00:07:33.0,00:10:17.0,00:12:12.0,00:15:03.0,00:16:41.0,00:18:53.0,00:20:52.0,00:22:16.0,00:25:16.0
10,G1762,ANDY JOHNSTON,00:25:26.0,,All Ages,10,Male,10,Wave1 08:00:00,00:00:01.0,00:01:50.0,00:03:42.0,00:06:04.0,00:07:07.0,00:09:29.0,00:11:47.0,00:14:26.0,00:16:53.0,00:19:31.0,00:21:50.0,00:23:16.0,00:25:26.0
11,G1803,CHIC WERN NG,00:26:43.0,,All Ages,11,Male,11,Wave4 08:25:00,00:00:02.0,00:01:57.0,00:04:13.0,00:06:33.0,00:07:33.0,00:10:21.0,00:12:20.0,00:14:05.0,00:16:50.0,00:19:07.0,00:21:58.0,00:23:29.0,00:26:43.0
12,G1768,JAY JEE LOONG,00:26:50.0,,All Ages,12,Male,12,Wave2 08:10:00,00:00:01.0,00:02:14.0,00:04:48.0,00:08:00.0,00:09:21.0,00:12:08.0,00:14:07.0,00:15:44.0,00:18:10.0,00:20:53.0,00:23:18.0,00:24:52.0,00:26:50.0
13,G1790,DARREN ONG CHONG KIAT,00:26:50.0,,All Ages,13,Male,13,Wave3 08:20:00,00:00:02.0,00:02:21.0,00:04:42.0,00:07:20.0,00:08:57.0,00:11:25.0,00:13:47.0,00:16:08.0,00:18:48.0,00:21:14.0,00:23:12.0,00:25:06.0,00:26:50.0
14,G1766,JULIUS ONG,00:27:12.0,,All Ages,14,Male,14,Wave2 08:10:00,00:00:03.0,00:02:25.0,00:05:00.0,00:08:04.0,00:09:41.0,00:12:24.0,00:14:37.0,00:16:43.0,00:18:49.0,00:21:09.0,00:23:10.0,00:24:38.0,00:27:12.0
15,G1760,BENJAMIN LOW WAI KHEEN,00:27:23.0,,All Ages,15,Male,15,Wave1 08:00:00,00:00:01.0,00:02:01.0,00:04:22.0,00:06:52.0,00:08:09.0,00:11:06.0,00:13:04.0,00:15:26.0,00:17:15.0,00:19:24.0,00:21:45.0,00:23:15.0,00:27:23.0
16,G1820,TERIMUNITE CHANDRAN,00:27:24.0,,All Ages,16,Male,16,Wave5 08:30:00,00:00:02.0,00:02:02.0,00:04:27.0,00:08:02.0,00:09:56.0,00:13:04.0,00:15:10.0,00:17:03.0,00:18:46.0,00:21:09.0,00:23:11.0,00:24:43.0,00:27:24.0
17,G1872,MUHAMMAD KHAIRUDDIN AZWI,00:27:38.0,,All Ages,17,Male,17,Wave8 08:45:00,00:00:01.0,00:02:33.0,00:04:59.0,00:07:47.0,00:09:53.0,00:12:19.0,00:14:21.0,00:16:59.0,00:18:50.0,00:21:14.0,00:23:17.0,00:24:52.0,00:27:38.0
18,G1937,YUN HARN CHENG,00:27:48.0,,All Ages,18,Male,18,Wave12 09:05:00,00:00:01.0,00:02:24.0,00:04:55.0,00:07:39.0,00:08:58.0,00:11:50.0,00:14:11.0,00:16:16.0,00:18:35.0,00:20:46.0,00:23:17.0,00:25:05.0,00:27:48.0
19,G1812,ADAM YEAP,00:27:48.0,,All Ages,19,Male,19,Wave4 08:25:00,00:00:01.0,00:02:42.0,00:05:15.0,00:08:10.0,00:09:26.0,00:12:20.0,00:14:46.0,00:17:21.0,00:19:41.0,00:21:53.0,00:24:00.0,00:25:57.0,00:27:48.0
20,G1926,HUZAIFAH ABD RAHIM,00:27:50.0,,All Ages,20,Male,20,Wave11 09:00:00,00:00:01.0,00:02:16.0,00:04:41.0,00:08:04.0,00:09:18.0,00:11:59.0,00:15:07.0,00:17:33.0,00:19:09.0,00:21:26.0,,00:24:59.0,00:27:50.0
21,G1875,ARIFF JAMIL,00:27:55.0,,All Ages,21,Male,21,Wave8 08:45:00,00:00:01.0,00:02:06.0,00:04:41.0,00:07:36.0,00:09:18.0,00:12:02.0,00:14:19.0,00:17:09.0,00:19:21.0,00:21:31.0,00:23:47.0,00:25:22.0,00:27:55.0
22,G1756,HASSAN MOHAMED,00:27:55.0,,All Ages,22,Male,22,Wave16 09:25:00,00:00:00.0,00:01:56.0,00:04:30.0,00:08:00.0,00:09:26.0,00:11:54.0,00:14:08.0,,00:18:28.0,00:21:08.0,00:23:31.0,00:25:20.0,00:27:55.0
23,G1988,ANDREW ANTHONY,00:28:00.0,,All Ages,23,Male,23,Wave15 09:20:00,00:00:02.0,00:01:56.0,00:04:12.0,00:07:24.0,00:09:04.0,00:11:41.0,00:14:21.0,00:16:13.0,00:18:22.0,00:20:57.0,00:23:26.0,00:24:47.0,00:28:00.0
24,G1842,KIT LIM,00:28:10.0,,All Ages,24,Male,24,Wave6 08:35:00,00:00:04.0,00:02:27.0,00:05:29.0,00:08:10.0,00:09:43.0,00:12:23.0,00:14:50.0,00:17:14.0,00:19:07.0,00:21:31.0,00:24:07.0,00:25:47.0,00:28:10.0
25,G1978,FALIQ REDZUAN,00:28:13.0,,All Ages,25,Male,25,Wave15 09:20:00,00:00:02.0,00:02:18.0,00:04:34.0,00:07:19.0,00:09:04.0,00:11:49.0,00:13:49.0,00:15:43.0,00:18:14.0,00:20:42.0,00:22:54.0,00:24:38.0,00:28:13.0
26,G1867,KEE KIAT LIM,00:28:22.0,,All Ages,26,Male,26,Wave8 08:45:00,00:00:03.0,00:02:10.0,00:04:33.0,00:07:13.0,00:08:29.0,00:11:11.0,00:13:21.0,00:15:33.0,00:18:26.0,00:20:55.0,00:23:44.0,00:25:23.0,00:28:22.0
27,G1781,BOON HOE TAN,00:28:35.0,,All Ages,27,Male,27,Wave2 08:10:00,00:00:02.0,00:02:23.0,00:04:48.0,00:07:44.0,00:09:19.0,00:12:36.0,00:14:41.0,00:16:55.0,00:19:09.0,00:21:37.0,00:24:02.0,00:25:43.0,00:28:35.0
28,G1745,MUHAMAD SHAFARID HAMID,00:28:38.0,,All Ages,28,Male,28,Wave1 08:00:00,00:00:00.0,00:02:07.0,00:04:27.0,00:07:35.0,00:09:00.0,00:12:00.0,00:14:03.0,00:16:07.0,00:18:42.0,00:21:15.0,00:23:33.0,00:25:32.0,00:28:38.0
29,G1976,LAWRENCE LIM,00:28:48.0,,All Ages,29,Male,29,Wave15 09:20:00,00:00:00.0,00:01:50.0,00:04:06.0,00:06:49.0,00:08:19.0,00:11:09.0,00:13:50.0,00:15:50.0,00:18:26.0,00:21:04.0,00:24:30.0,00:26:04.0,00:28:48.0
30,G1746,MOHD HAMBALI MOHD JAILANI,00:28:52.0,,All Ages,30,Male,30,Wave1 08:00:00,00:00:01.0,00:02:06.0,00:04:34.0,00:07:58.0,00:09:17.0,00:12:10.0,00:14:13.0,00:16:19.0,00:19:03.0,00:21:28.0,00:24:03.0,00:25:45.0,00:28:52.0
31,G2000,SYAHAMIRUL EIZHAM,00:28:55.0,,All Ages,31,Male,31,Wave16 09:25:00,00:00:01.0,00:02:04.0,00:04:06.0,00:06:31.0,00:07:54.0,00:10:40.0,00:12:27.0,00:14:57.0,00:18:08.0,00:20:36.0,00:23:18.0,00:25:08.0,00:28:55.0
32,G1789,DANIAL TAN,00:28:55.0,,All Ages,32,Male,32,Wave3 08:20:00,00:00:03.0,00:02:26.0,00:04:53.0,00:08:04.0,00:09:58.0,00:12:41.0,00:14:49.0,00:17:25.0,00:19:20.0,00:21:48.0,00:24:16.0,00:25:53.0,00:28:55.0
33,G2009,MEOR HAKIMI,00:29:09.0,,All Ages,33,Male,33,Wave2 08:10:00,00:00:00.0,00:02:03.0,00:04:39.0,00:07:58.0,00:09:42.0,00:12:38.0,00:14:46.0,00:17:08.0,00:19:24.0,00:21:42.0,00:24:10.0,00:25:48.0,00:29:09.0
34,G1990,NAZRI MOHAYADIN,00:29:11.0,,All Ages,34,Male,34,Wave15 09:20:00,00:00:01.0,00:02:04.0,00:04:38.0,00:07:49.0,00:09:08.0,00:12:07.0,00:14:25.0,00:16:18.0,00:19:33.0,00:22:05.0,00:24:38.0,00:26:18.0,00:29:11.0
35,G1897,BARRY TEO,00:29:13.0,,All Ages,35,Male,35,Wave10 08:55:00,00:00:02.0,00:02:46.0,00:05:31.0,00:08:46.0,00:10:24.0,00:13:21.0,00:15:57.0,00:18:11.0,00:20:43.0,00:23:08.0,00:25:03.0,00:26:53.0,00:29:13.0
36,G1973,MUHAMMAD DANIAL HAIKAL ROSLI,00:29:20.0,,All Ages,36,Male,36,Wave14 09:15:00,00:00:03.0,00:02:44.0,00:05:16.0,00:07:57.0,00:09:08.0,00:11:49.0,00:13:50.0,00:16:20.0,00:19:22.0,00:21:46.0,00:24:28.0,00:26:28.0,00:29:20.0
37,G1771,CHIA ERN CHEANG,00:29:42.0,,All Ages,37,Male,37,Wave2 08:10:00,00:00:00.0,00:01:51.0,00:04:09.0,00:07:06.0,00:08:49.0,00:11:41.0,00:14:03.0,00:15:54.0,00:18:51.0,00:21:30.0,00:24:20.0,00:26:16.0,00:29:42.0
38,G1767,MOHD IRWAN IZZAT MOHD ISKANDAR,00:29:51.0,,All Ages,38,Male,38,Wave2 08:10:00,00:00:00.0,00:01:53.0,00:04:29.0,00:08:25.0,00:10:18.0,00:12:50.0,00:15:27.0,00:18:04.0,00:20:19.0,00:22:47.0,00:25:11.0,00:26:46.0,00:29:51.0
39,G1776,YEW FAI LAW,00:29:52.0,,All Ages,39,Male,39,Wave2 08:10:00,00:00:01.0,00:01:50.0,00:03:50.0,00:06:23.0,00:07:30.0,00:10:32.0,00:12:38.0,00:15:38.0,00:18:27.0,00:21:28.0,00:24:29.0,00:27:14.0,00:29:52.0
40,G1895,CALVIN TAM,00:29:57.0,,All Ages,40,Male,40,Wave9 08:50:00,00:00:02.0,00:02:18.0,00:05:05.0,00:08:08.0,00:09:57.0,00:13:02.0,00:15:06.0,00:17:09.0,00:19:36.0,00:21:55.0,00:24:49.0,00:26:21.0,00:29:57.0
41,G1822,VICTOR LEE,00:30:01.0,,All Ages,41,Male,41,Wave5 08:30:00,00:00:02.0,00:01:52.0,00:04:16.0,00:07:37.0,00:09:36.0,00:12:36.0,00:15:32.0,00:17:57.0,00:20:48.0,00:23:16.0,00:25:59.0,00:27:24.0,00:30:01.0
42,G1868,AARON TAY,00:30:06.0,,All Ages,42,Male,42,Wave8 08:45:00,00:00:03.0,00:02:30.0,00:05:18.0,00:08:43.0,00:10:24.0,00:13:49.0,00:16:10.0,00:19:04.0,00:20:27.0,00:22:56.0,00:25:39.0,00:27:00.0,00:30:06.0
43,G1939,JAMES TSU,00:30:07.0,,All Ages,43,Male,43,Wave12 09:05:00,00:00:01.0,00:02:03.0,00:04:23.0,00:07:17.0,00:08:44.0,00:12:00.0,00:14:47.0,00:17:52.0,00:20:05.0,00:22:27.0,00:25:21.0,00:27:32.0,00:30:07.0
44,G2010,MUHAMMAD SAFAR MUSTAFA,00:30:08.0,,All Ages,44,Male,44,Wave3 08:20:00,00:00:02.0,00:01:41.0,00:04:07.0,00:07:32.0,00:09:18.0,00:12:17.0,00:14:37.0,00:17:17.0,00:20:12.0,00:22:45.0,00:25:43.0,00:27:32.0,00:30:08.0
45,G2001,AHMAD FAQIH SADIQ BIN MOHD FUAD,00:30:13.0,,All Ages,45,Male,45,Wave16 09:25:00,00:00:01.0,00:02:23.0,00:05:07.0,00:08:12.0,00:09:33.0,00:12:08.0,00:15:12.0,00:17:28.0,00:20:09.0,00:22:32.0,00:25:30.0,00:27:00.0,00:30:13.0
46,G1826,LUQMAN NUL HAKIM,00:30:15.0,,All Ages,46,Male,46,Wave5 08:30:00,00:00:02.0,00:01:53.0,00:04:03.0,00:06:47.0,00:08:00.0,00:11:11.0,00:13:20.0,00:16:36.0,00:19:37.0,00:21:53.0,00:24:27.0,00:26:31.0,00:30:15.0
47,G1901,CHOON YEAN NG,00:30:16.0,,All Ages,47,Male,47,Wave10 08:55:00,00:00:02.0,00:02:33.0,00:05:16.0,00:07:53.0,00:09:26.0,00:12:13.0,00:14:28.0,00:16:59.0,00:19:23.0,00:21:40.0,00:24:22.0,00:26:07.0,00:30:16.0
48,G1793,NIK ASHRAFF NIK ARIFF,00:30:16.0,,All Ages,48,Male,48,Wave3 08:20:00,00:00:02.0,00:02:03.0,00:04:16.0,00:07:06.0,00:08:36.0,00:11:30.0,00:13:52.0,00:16:50.0,00:19:55.0,00:22:27.0,00:25:16.0,00:26:51.0,00:30:16.0
49,G1799,ARIF RANKIN,00:30:20.0,,All Ages,49,Male,49,Wave3 08:20:00,00:00:02.0,00:02:03.0,00:04:04.0,00:06:57.0,00:09:49.0,00:12:51.0,00:14:46.0,00:16:58.0,00:20:02.0,00:22:36.0,00:25:07.0,00:26:34.0,00:30:20.0
50,G1763,MICHAEL MORALES,00:30:37.0,,All Ages,50,Male,50,Wave1 08:00:00,00:00:01.0,00:02:04.0,00:04:22.0,00:07:48.0,00:09:14.0,00:12:13.0,00:14:38.0,00:17:14.0,00:20:18.0,00:22:56.0,00:25:22.0,00:27:28.0,00:30:37.0
51,G1792,MUHAMMAD KHUBAIB AHMAD SHUKRI,00:30:46.0,,All Ages,51,Male,51,Wave3 08:20:00,00:00:03.0,00:02:10.0,00:04:48.0,00:08:35.0,00:10:12.0,00:13:18.0,00:15:17.0,00:17:43.0,00:20:31.0,00:23:01.0,00:25:47.0,00:27:56.0,00:30:46.0
52,G1874,JIA JUN LEE,00:30:50.0,,All Ages,52,Male,52,Wave8 08:45:00,00:00:02.0,00:02:25.0,00:04:40.0,00:08:00.0,00:09:49.0,00:12:37.0,00:15:05.0,00:17:55.0,00:21:05.0,00:23:36.0,00:26:17.0,00:28:21.0,00:30:50.0
53,G1884,ZEC LAU,00:30:52.0,,All Ages,53,Male,53,Wave9 08:50:00,00:00:03.0,00:02:38.0,00:05:28.0,00:08:47.0,00:11:40.0,00:14:38.0,00:17:11.0,00:19:40.0,00:22:46.0,00:25:13.0,00:28:04.0,00:29:55.0,00:30:52.0
54,G1757,MARK JOSEPH SINGSON,00:30:53.0,,All Ages,54,Male,54,Wave1 08:00:00,00:00:02.0,00:02:07.0,00:04:22.0,00:07:55.0,00:10:37.0,00:13:23.0,00:15:27.0,00:18:28.0,00:21:05.0,00:23:26.0,00:26:02.0,00:27:23.0,00:30:53.0
55,G1841,KIAN MIN TAI,00:30:54.0,,All Ages,55,Male,55,Wave6 08:35:00,00:00:03.0,00:02:21.0,00:05:11.0,00:07:55.0,00:09:16.0,00:12:35.0,00:14:44.0,00:17:02.0,00:20:22.0,00:22:55.0,00:26:22.0,00:28:11.0,00:30:54.0
56,G1754,GUILLAUME FRITZ,00:30:59.0,,All Ages,56,Male,56,Wave1 08:00:00,00:00:01.0,00:01:57.0,00:04:06.0,00:07:09.0,00:08:26.0,00:11:28.0,00:13:33.0,00:16:13.0,00:19:19.0,00:22:00.0,00:24:40.0,00:26:42.0,00:30:59.0
57,G1966,MALEK REDZA ZAINAL,00:31:03.0,,All Ages,57,Male,57,Wave14 09:15:00,00:00:02.0,00:02:31.0,00:04:45.0,00:08:51.0,00:10:06.0,00:13:02.0,00:15:12.0,00:18:42.0,00:22:00.0,00:24:37.0,00:26:58.0,00:29:00.0,00:31:03.0
58,G1959,LAU WAI CHOR,00:31:09.0,,All Ages,58,Male,58,Wave13 09:10:00,00:00:03.0,00:02:35.0,00:05:29.0,00:08:33.0,00:10:08.0,00:13:20.0,00:15:23.0,00:17:45.0,00:19:46.0,00:22:23.0,00:25:16.0,00:27:49.0,00:31:09.0
59,G1847,FIRDAUS MERICAN HARITH MERICAN,00:31:11.0,,All Ages,59,Male,59,Wave6 08:35:00,00:00:03.0,00:02:24.0,00:04:58.0,00:08:05.0,00:09:21.0,00:12:04.0,00:14:38.0,00:17:28.0,00:20:25.0,00:23:06.0,00:26:37.0,00:28:33.0,00:31:11.0
60,G1900,CHEAH YEE HANG,00:31:11.0,,All Ages,60,Male,60,Wave10 08:55:00,00:00:02.0,00:02:24.0,00:04:51.0,00:08:39.0,00:10:34.0,00:14:05.0,00:15:38.0,,,00:23:36.0,00:26:17.0,00:28:45.0,00:31:11.0
61,G1818,EE HOW CHONG,00:31:19.0,,All Ages,61,Male,61,Wave5 08:30:00,00:00:02.0,00:02:03.0,00:04:39.0,00:07:20.0,00:09:00.0,00:11:48.0,00:14:49.0,00:17:17.0,00:20:15.0,00:22:53.0,00:26:25.0,00:28:03.0,00:31:19.0
62,G1919,RISHI CHATURVEDI,00:31:25.0,,All Ages,62,Male,62,Wave11 09:00:00,00:00:03.0,00:02:29.0,00:04:56.0,00:08:24.0,00:10:06.0,00:13:01.0,00:15:28.0,00:17:30.0,00:19:30.0,00:22:09.0,00:25:20.0,00:27:05.0,00:31:25.0
63,G1854,BRYAN THOO,00:31:32.0,,All Ages,63,Male,63,Wave7 08:40:00,00:00:03.0,00:02:15.0,00:04:41.0,00:08:04.0,00:09:37.0,00:12:21.0,00:14:50.0,00:18:09.0,00:21:29.0,00:23:37.0,00:26:07.0,00:27:57.0,00:31:32.0
64,G2005,IBNU RIZAL,00:31:40.0,,All Ages,64,Male,64,Wave16 09:25:00,00:00:03.0,00:02:10.0,00:04:44.0,00:07:15.0,00:09:59.0,00:12:54.0,00:15:21.0,00:18:10.0,00:20:47.0,00:23:26.0,00:25:53.0,00:27:37.0,00:31:44.0
65,G1750,CHEANG JUN NAN,00:31:41.0,,All Ages,65,Male,65,Wave1 08:00:00,00:00:01.0,00:02:09.0,00:04:34.0,00:07:33.0,00:08:54.0,00:11:43.0,00:14:11.0,00:16:46.0,00:20:37.0,00:23:08.0,00:26:00.0,00:28:07.0,00:31:41.0
66,G1839,SANJAY KUMAR VIJAYAKUMARA,00:31:41.0,,All Ages,66,Male,66,Wave6 08:35:00,00:00:04.0,00:02:29.0,00:05:02.0,00:08:25.0,00:10:11.0,00:13:03.0,00:15:35.0,00:18:09.0,00:20:34.0,00:23:15.0,00:26:04.0,00:27:54.0,00:31:41.0
67,G1853,JANUDIN BAHARIN,00:31:41.0,,All Ages,67,Male,67,Wave7 08:40:00,00:00:01.0,00:02:05.0,00:04:40.0,00:08:05.0,00:10:39.0,00:14:00.0,00:16:20.0,00:19:18.0,00:21:50.0,00:24:22.0,00:27:07.0,00:28:42.0,00:31:41.0
68,G1870,EDDIE LAU,00:31:49.0,,All Ages,68,Male,68,Wave8 08:45:00,00:00:01.0,00:02:31.0,00:05:15.0,00:09:26.0,00:10:49.0,00:14:03.0,00:16:14.0,00:19:06.0,00:21:33.0,00:24:02.0,00:26:44.0,00:28:32.0,00:31:49.0
69,G1844,JASON HOEN,00:31:57.0,,All Ages,69,Male,69,Wave6 08:35:00,00:00:02.0,00:02:05.0,00:04:25.0,00:07:50.0,00:09:25.0,00:12:07.0,00:14:48.0,00:17:26.0,00:20:24.0,00:22:52.0,00:25:36.0,00:27:20.0,00:31:57.0
70,G1885,CHUNG YEW FOO,00:32:01.0,,All Ages,70,Male,70,Wave9 08:50:00,00:00:02.0,00:02:20.0,00:05:24.0,00:08:53.0,00:10:27.0,00:13:34.0,00:16:01.0,00:18:32.0,00:21:49.0,00:24:50.0,00:27:50.0,00:29:09.0,00:32:01.0
71,G1825,WEI JIE LING,00:32:13.0,,All Ages,71,Male,71,Wave5 08:30:00,00:00:02.0,00:01:56.0,00:04:26.0,00:07:21.0,00:09:14.0,00:12:34.0,00:14:22.0,00:16:57.0,00:19:54.0,00:22:53.0,00:26:04.0,00:27:38.0,00:32:13.0
72,G1946,CHOONG HIEN,00:32:40.0,,All Ages,72,Male,72,Wave13 09:10:00,00:00:02.0,00:02:08.0,00:04:39.0,00:07:34.0,00:10:44.0,00:13:15.0,00:15:42.0,00:18:04.0,00:21:07.0,00:23:46.0,00:26:24.0,00:28:36.0,00:32:40.0
73,G1777,TOMI ENTABAN,00:32:50.0,,All Ages,73,Male,73,Wave2 08:10:00,00:00:03.0,00:02:33.0,00:05:33.0,00:08:48.0,00:10:26.0,00:13:29.0,00:16:16.0,00:18:48.0,00:22:02.0,00:24:18.0,00:27:00.0,00:29:18.0,00:32:50.0
74,G1951,LEE YUNGLIN,00:33:05.0,,All Ages,74,Male,74,Wave13 09:10:00,00:00:03.0,00:02:20.0,00:04:44.0,00:07:59.0,00:09:37.0,00:13:16.0,00:15:43.0,00:18:48.0,00:22:04.0,00:24:34.0,00:27:30.0,00:29:25.0,00:33:05.0
75,G1834,KAHMING WONG,00:33:07.0,,All Ages,75,Male,75,Wave6 08:35:00,00:00:02.0,00:02:10.0,00:04:43.0,00:08:02.0,00:10:37.0,00:13:43.0,00:16:48.0,00:19:10.0,00:22:25.0,00:24:56.0,00:27:44.0,00:29:26.0,00:33:07.0
76,G1801,BADR UL SYAHID MIZAM HARUN MIZAM,00:33:15.0,,All Ages,76,Male,76,Wave4 08:25:00,00:00:01.0,00:02:33.0,00:05:07.0,00:09:18.0,00:11:15.0,00:14:08.0,00:17:06.0,00:19:26.0,00:22:16.0,00:25:09.0,00:27:34.0,00:29:55.0,00:33:15.0
77,G1962,SEBASTIAN YEOH YEE SOONG,00:33:21.0,,All Ages,77,Male,77,Wave14 09:15:00,00:00:03.0,00:02:25.0,00:04:41.0,00:07:48.0,00:09:23.0,00:12:13.0,00:14:34.0,00:18:17.0,00:22:03.0,00:24:26.0,00:27:08.0,00:29:13.0,00:33:21.0
78,G1783,MIFTAHUL ARIFIN ABDUL RAZAK,00:33:28.0,,All Ages,78,Male,78,Wave2 08:10:00,00:00:02.0,00:02:12.0,00:04:49.0,00:08:42.0,00:10:23.0,00:13:41.0,00:16:08.0,00:18:54.0,00:22:26.0,00:24:57.0,00:27:41.0,00:29:35.0,00:33:28.0
79,G1831,FAIZ YUSRI,00:33:37.0,,All Ages,79,Male,79,Wave5 08:30:00,00:00:02.0,00:02:47.0,00:05:51.0,00:10:22.0,00:11:53.0,00:14:35.0,00:17:00.0,00:19:27.0,00:22:46.0,00:25:37.0,00:28:38.0,00:30:54.0,00:33:37.0
80,G1879,AL FADZRIQ,00:33:40.0,,All Ages,80,Male,80,Wave8 08:45:00,00:00:02.0,00:02:26.0,00:04:43.0,00:07:13.0,00:09:46.0,00:12:41.0,00:14:52.0,00:19:09.0,00:22:44.0,00:25:07.0,00:27:49.0,00:29:53.0,00:33:40.0
81,G1749,FIKRI ROSLI,00:33:46.0,,All Ages,81,Male,81,Wave1 08:00:00,00:00:02.0,00:02:13.0,00:04:34.0,00:07:58.0,00:12:49.0,00:15:47.0,00:18:26.0,00:20:42.0,00:23:30.0,00:25:38.0,00:28:22.0,00:30:08.0,00:33:46.0
82,G1743,KOK PENG CHONG,00:33:58.0,,All Ages,82,Male,82,Wave1 08:00:00,00:00:02.0,00:02:26.0,00:05:41.0,00:09:26.0,00:12:26.0,00:15:39.0,00:18:14.0,00:21:22.0,00:23:53.0,00:26:47.0,00:29:39.0,00:31:23.0,00:33:58.0
83,G1859,DINESH GANAPATHY,00:34:01.0,,All Ages,83,Male,83,Wave7 08:40:00,00:00:01.0,00:01:42.0,00:04:05.0,00:07:31.0,00:09:05.0,00:12:17.0,00:15:11.0,00:17:48.0,00:20:12.0,00:22:38.0,,00:27:02.0,00:34:01.0
84,G1819,WOO WAI MIN,00:34:06.0,,All Ages,84,Male,84,Wave5 08:30:00,00:00:02.0,00:01:57.0,00:04:38.0,00:08:38.0,00:09:45.0,00:13:34.0,00:16:10.0,00:19:38.0,00:23:26.0,00:26:14.0,00:29:21.0,00:31:24.0,00:34:06.0
85,G1914,MENG HAN KWONG,00:34:07.0,,All Ages,85,Male,85,Wave11 09:00:00,00:00:02.0,00:02:17.0,00:05:33.0,00:09:01.0,00:11:30.0,00:14:38.0,00:17:08.0,00:20:16.0,00:22:44.0,00:25:26.0,00:28:22.0,00:30:03.0,00:34:07.0
86,G1873,MOHAMMAD AZLAN ABDULLAH,00:34:10.0,,All Ages,86,Male,86,Wave8 08:45:00,00:00:01.0,00:02:13.0,00:04:57.0,00:08:43.0,00:11:20.0,00:14:28.0,00:16:44.0,00:19:47.0,00:22:55.0,00:25:24.0,00:28:33.0,00:30:25.0,00:34:10.0
87,G1936,HAZWAN NAJIB,00:34:16.0,,All Ages,87,Male,87,Wave12 09:05:00,00:00:01.0,00:02:43.0,00:05:28.0,00:09:11.0,00:10:55.0,00:13:48.0,00:16:27.0,00:19:28.0,00:22:42.0,00:25:43.0,00:28:57.0,00:31:00.0,00:34:16.0
88,G2007,SYED FADHULLAH SYED FEIZAL AL-KUDCY,00:34:20.0,,All Ages,88,Male,88,Wave2 08:10:00,00:00:02.0,00:02:11.0,00:04:45.0,00:09:11.0,00:11:07.0,00:14:32.0,00:18:13.0,00:20:34.0,00:23:40.0,00:26:30.0,,00:31:19.0,00:34:20.0
89,G1906,POHVIN OOI,00:34:22.0,,All Ages,89,Male,89,Wave10 08:55:00,00:00:01.0,00:02:33.0,00:05:08.0,00:08:34.0,00:10:02.0,00:13:15.0,00:15:55.0,00:19:57.0,00:23:18.0,00:26:12.0,00:29:31.0,00:31:41.0,00:34:22.0
90,G1807,MOHD SHAHRIN SALIM,00:34:27.0,,All Ages,90,Male,90,Wave4 08:25:00,00:00:01.0,00:02:01.0,00:05:01.0,00:08:54.0,00:11:00.0,00:14:19.0,00:16:46.0,00:20:24.0,00:23:06.0,00:25:42.0,00:28:36.0,00:30:29.0,00:34:27.0
91,G1751,ANDREW MAH,00:34:36.0,,All Ages,91,Male,91,Wave1 08:00:00,00:00:02.0,00:02:11.0,00:05:05.0,00:09:33.0,00:11:48.0,00:15:25.0,00:18:33.0,00:21:16.0,00:24:03.0,00:26:57.0,00:29:54.0,00:31:44.0,00:34:36.0
92,G1904,LAI JUN JIE,00:34:37.0,,All Ages,92,Male,92,Wave9 08:50:00,00:00:02.0,00:02:15.0,00:05:06.0,00:07:58.0,00:10:46.0,00:14:19.0,00:17:04.0,00:20:25.0,00:23:16.0,00:25:38.0,00:28:51.0,00:30:41.0,00:34:37.0
93,G1741,CZYNJAY TAN,00:34:46.0,,All Ages,93,Male,93,Wave1 08:00:00,00:00:03.0,00:02:24.0,00:05:28.0,00:10:42.0,00:12:56.0,00:16:19.0,00:19:17.0,00:21:50.0,00:24:50.0,00:27:11.0,00:30:13.0,00:32:08.0,00:34:46.0
94,G1832,PEONG TAT ONG,00:34:51.0,,All Ages,94,Male,94,Wave6 08:35:00,00:00:02.0,00:02:25.0,00:05:09.0,00:09:12.0,00:11:13.0,00:14:20.0,00:17:02.0,00:19:31.0,00:23:09.0,00:25:41.0,00:28:50.0,00:31:25.0,00:34:51.0
95,G1806,ALAN LOW,00:35:04.0,,All Ages,95,Male,95,Wave4 08:25:00,00:00:02.0,00:02:02.0,00:03:54.0,00:06:26.0,00:10:25.0,00:13:08.0,00:15:40.0,00:18:52.0,00:22:20.0,00:25:06.0,00:27:35.0,00:30:08.0,00:35:04.0
96,G1991,MUHAMMAD NOR ARIF MD HADRI,00:35:06.0,,All Ages,96,Male,96,Wave16 09:25:00,00:00:01.0,00:02:14.0,00:05:02.0,00:08:41.0,00:10:13.0,00:13:20.0,00:16:31.0,00:20:17.0,00:24:12.0,00:26:51.0,00:30:11.0,00:32:22.0,00:35:06.0
97,G1927,ABRAHAM EAPEN,00:35:14.0,,All Ages,97,Male,97,Wave11 09:00:00,00:00:03.0,00:02:40.0,00:05:13.0,00:09:04.0,00:11:03.0,00:14:25.0,00:17:11.0,00:21:04.0,00:24:22.0,00:27:09.0,00:29:35.0,00:31:45.0,00:35:14.0
98,G1947,ABDUL RAZAK ABDUL RASHID,00:35:16.0,,All Ages,98,Male,98,Wave13 09:10:00,00:00:02.0,00:02:36.0,00:05:14.0,00:08:08.0,00:10:07.0,00:13:03.0,00:16:23.0,00:18:43.0,00:22:09.0,00:25:20.0,00:28:33.0,00:30:47.0,00:35:16.0
99,G1869,AMMAR LUTFI,00:35:16.0,,All Ages,99,Male,99,Wave8 08:45:00,00:00:02.0,00:02:22.0,00:05:17.0,00:08:34.0,00:10:54.0,00:14:11.0,00:16:38.0,00:19:25.0,00:23:35.0,00:26:10.0,00:29:23.0,00:31:12.0,00:35:16.0
100,G1943,AHMAD AFANDI SAID,00:35:26.0,,All Ages,100,Male,100,Wave12 09:05:00,00:00:02.0,00:02:51.0,00:05:26.0,00:09:17.0,00:11:16.0,00:13:50.0,00:16:02.0,00:18:29.0,00:22:49.0,00:25:40.0,00:29:08.0,00:31:54.0,00:35:26.0
101,G1775,DHAYALAN GANISAN,00:35:31.0,,All Ages,101,Male,101,Wave2 08:10:00,00:00:01.0,00:02:24.0,00:04:53.0,00:08:38.0,00:10:52.0,00:14:05.0,00:17:21.0,00:20:06.0,00:23:00.0,00:25:45.0,00:28:36.0,00:30:18.0,00:35:31.0
102,G1958,FADHIL YUNUS,00:35:32.0,,All Ages,102,Male,102,Wave13 09:10:00,00:00:01.0,00:01:57.0,00:04:32.0,00:09:22.0,00:12:47.0,00:15:57.0,00:18:24.0,00:21:02.0,00:24:31.0,00:27:13.0,00:30:28.0,00:32:31.0,00:35:32.0
103,G1911,KEONG SEONG MICHAEL YEO,00:35:40.0,,All Ages,103,Male,103,Wave10 08:55:00,00:00:02.0,00:02:25.0,00:05:09.0,00:08:14.0,00:10:12.0,00:14:02.0,00:15:52.0,00:18:58.0,00:23:30.0,00:26:29.0,,00:32:21.0,00:35:40.0
104,G2003,MUKHLIS RAMLY,00:35:43.0,,All Ages,104,Male,104,Wave16 09:25:00,00:00:00.0,00:02:24.0,00:05:01.0,00:09:09.0,00:11:17.0,00:14:33.0,00:16:52.0,00:21:04.0,00:24:03.0,00:26:38.0,00:29:32.0,00:31:52.0,00:35:43.0
105,G1810,NASRUL NAFIS IBRAHIM,00:35:47.0,,All Ages,105,Male,105,Wave4 08:25:00,00:00:01.0,00:02:03.0,00:04:38.0,00:08:26.0,00:10:37.0,00:14:37.0,00:16:52.0,00:19:39.0,00:23:47.0,00:26:22.0,00:29:43.0,00:31:57.0,00:35:47.0
106,G1987,TJUN JIEN WONG,00:35:52.0,,All Ages,106,Male,106,Wave15 09:20:00,00:00:01.0,00:02:11.0,00:04:57.0,00:08:41.0,00:10:26.0,00:13:57.0,00:17:44.0,00:20:41.0,00:24:02.0,00:26:35.0,00:29:55.0,00:32:12.0,00:35:52.0
107,G1963,MUHAMAD YAZDI CHE YA,00:36:02.0,,All Ages,107,Male,107,Wave14 09:15:00,00:00:03.0,00:02:51.0,00:05:49.0,00:10:23.0,00:12:05.0,00:15:18.0,00:18:41.0,00:21:57.0,00:25:12.0,00:27:44.0,00:30:41.0,00:32:47.0,00:36:02.0
108,G1764,SAYAN SAMBIT,00:36:03.0,,All Ages,108,Male,108,Wave1 08:00:00,00:00:02.0,00:02:41.0,00:05:35.0,00:10:23.0,00:12:11.0,00:15:37.0,00:18:12.0,00:21:11.0,00:24:40.0,00:27:18.0,00:30:15.0,00:32:14.0,00:36:03.0
109,G1769,BRIAN DIELENBERG,00:36:13.0,,All Ages,109,Male,109,Wave2 08:10:00,00:00:01.0,00:01:54.0,00:04:09.0,00:07:29.0,00:09:20.0,00:12:52.0,00:16:00.0,00:18:43.0,00:23:23.0,00:26:36.0,00:29:59.0,00:32:20.0,00:36:13.0
110,G1890,ANDY SIM,00:36:17.0,,All Ages,110,Male,110,Wave9 08:50:00,00:00:03.0,00:02:23.0,00:04:53.0,00:08:00.0,00:13:39.0,00:16:47.0,00:18:35.0,00:22:11.0,00:24:51.0,00:27:26.0,00:29:58.0,00:32:02.0,00:36:17.0
111,G2014,NUR AL KAMIL NORINZAN,00:36:19.0,,All Ages,111,Male,111,Wave15 09:20:00,00:00:01.0,00:02:09.0,00:04:59.0,00:09:22.0,00:11:29.0,00:14:41.0,00:18:22.0,00:21:29.0,00:24:53.0,00:27:13.0,00:29:57.0,00:31:38.0,00:36:19.0
112,G2012,ABDUL KHALIQ RUZAIN ABDUL JALIL,00:36:26.0,,All Ages,112,Male,112,Wave3 08:20:00,00:00:02.0,00:02:44.0,00:05:44.0,00:10:45.0,00:13:12.0,00:16:23.0,00:19:06.0,00:21:37.0,00:24:50.0,00:27:29.0,00:30:22.0,00:32:19.0,00:36:26.0
113,G1791,MUHAMMAD NOOR HAFIZ BIN KASIM KASIM,00:36:31.0,,All Ages,113,Male,113,Wave3 08:20:00,00:00:03.0,00:02:18.0,00:05:17.0,00:10:04.0,00:11:48.0,00:15:17.0,00:18:19.0,00:20:57.0,00:24:17.0,00:26:39.0,00:30:03.0,00:32:05.0,00:36:31.0
114,G1786,FIRDAUS ABDULLAH,00:36:37.0,,All Ages,114,Male,114,Wave3 08:20:00,00:00:02.0,00:02:30.0,00:05:33.0,00:09:29.0,00:11:36.0,00:14:50.0,00:17:47.0,00:20:11.0,00:23:49.0,00:26:19.0,00:29:51.0,00:31:54.0,00:36:37.0
115,G1827,JUN IAN CHEONG,00:36:42.0,,All Ages,115,Male,115,Wave5 08:30:00,00:00:02.0,00:01:53.0,00:03:59.0,00:06:37.0,00:10:11.0,00:13:12.0,00:15:32.0,00:20:00.0,00:24:08.0,00:26:55.0,00:30:11.0,00:32:21.0,00:36:42.0
116,G1967,MUHAMMAD SYAMIL AIMAN BIN AHMAD FADZLI,00:36:49.0,,All Ages,116,Male,116,Wave14 09:15:00,00:00:02.0,00:02:27.0,00:05:18.0,00:10:01.0,00:12:36.0,00:15:31.0,00:17:24.0,00:20:13.0,00:23:44.0,00:26:30.0,00:30:08.0,00:32:09.0,00:36:49.0
117,G1929,JUANDI TAN,00:36:51.0,,All Ages,117,Male,117,Wave12 09:05:00,00:00:02.0,00:02:38.0,00:05:33.0,00:09:16.0,00:10:55.0,00:14:18.0,00:17:24.0,00:21:32.0,00:25:12.0,00:27:56.0,00:31:07.0,00:32:52.0,00:36:51.0
118,G1965,WEI LIANG NG,00:37:01.0,,All Ages,118,Male,118,Wave14 09:15:00,00:00:02.0,00:02:57.0,00:05:37.0,00:08:28.0,00:10:57.0,00:14:29.0,00:16:35.0,00:19:12.0,00:23:48.0,00:26:19.0,00:29:45.0,00:32:39.0,00:37:01.0
119,G1909,WAN YEOW LEE,00:37:05.0,,All Ages,119,Male,119,Wave10 08:55:00,00:00:01.0,00:02:20.0,00:04:50.0,00:07:43.0,00:11:05.0,00:14:16.0,00:17:40.0,00:20:44.0,00:25:09.0,00:27:40.0,00:30:33.0,00:32:54.0,00:37:05.0
120,G1821,ADRIAN LOO WEI WEN,00:37:08.0,,All Ages,120,Male,120,Wave5 08:30:00,00:00:03.0,00:01:59.0,00:04:53.0,00:08:09.0,00:10:25.0,00:13:56.0,00:16:28.0,00:19:40.0,00:24:43.0,00:27:42.0,00:30:36.0,00:32:33.0,00:37:08.0
121,G1813,KHAI WEI KAN,00:37:10.0,,All Ages,121,Male,121,Wave4 08:25:00,00:00:01.0,00:01:58.0,00:04:17.0,00:07:41.0,00:12:01.0,00:15:32.0,00:18:00.0,00:20:16.0,00:25:11.0,00:27:40.0,00:30:35.0,00:32:42.0,00:37:10.0
122,G1840,ZHI HANG GOH,00:37:10.0,,All Ages,122,Male,122,Wave6 08:35:00,00:00:02.0,00:02:09.0,00:04:53.0,00:08:15.0,00:09:56.0,00:13:34.0,00:16:22.0,00:20:01.0,00:23:57.0,00:27:29.0,00:31:44.0,00:34:27.0,00:37:10.0
123,G1772,MOHD ZAIRAM NEEZAR ZAKARIA,00:37:14.0,,All Ages,123,Male,123,Wave2 08:10:00,00:00:01.0,00:02:24.0,00:06:01.0,00:09:45.0,00:11:57.0,00:15:36.0,00:19:06.0,00:22:15.0,00:25:31.0,00:28:05.0,,00:32:57.0,00:37:14.0
124,G1861,SHARWIN BALAN,00:37:16.0,,All Ages,1,Female,1,Wave7 08:40:00,00:00:01.0,00:01:59.0,00:05:06.0,00:09:08.0,00:10:45.0,00:14:11.0,00:17:52.0,00:22:31.0,00:25:56.0,00:28:33.0,00:31:24.0,00:33:22.0,00:37:16.0
125,G1975,KIN LEONG WONG,00:37:18.0,,All Ages,124,Male,124,Wave14 09:15:00,00:00:00.0,00:03:02.0,00:06:05.0,00:10:15.0,00:12:24.0,00:15:57.0,00:18:59.0,00:22:08.0,00:25:39.0,00:28:25.0,00:31:29.0,00:33:46.0,00:37:18.0
126,G1883,AHMAD SAIFULLAH MUHAMAD FAUZI,00:37:22.0,,All Ages,125,Male,125,Wave9 08:50:00,00:00:03.0,00:02:32.0,00:05:09.0,00:09:44.0,00:11:25.0,00:14:34.0,00:17:57.0,00:20:44.0,00:25:05.0,00:27:25.0,00:30:35.0,00:32:15.0,00:37:22.0
127,G1994,MOHD AIMAN BIN ZULKIFLI,00:37:23.0,,All Ages,126,Male,126,Wave16 09:25:00,00:00:02.0,00:02:33.0,00:05:37.0,00:10:11.0,00:13:07.0,00:16:25.0,00:19:20.0,00:21:14.0,00:24:38.0,00:27:16.0,00:30:55.0,00:33:27.0,00:37:23.0
128,G1823,AIMAN FARHAN JOHARI HOW,00:37:23.0,,All Ages,127,Male,127,Wave5 08:30:00,00:00:02.0,00:02:24.0,00:05:08.0,00:08:29.0,00:10:02.0,00:13:20.0,00:15:34.0,00:19:13.0,00:23:44.0,00:26:40.0,00:30:19.0,00:33:13.0,00:37:23.0
129,G2008,BADRY AIMAN AMINY,00:37:23.0,,All Ages,128,Male,128,Wave2 08:10:00,00:00:02.0,00:02:24.0,00:05:14.0,00:09:29.0,00:12:10.0,00:16:01.0,00:19:03.0,00:23:33.0,00:25:56.0,00:28:16.0,00:31:27.0,00:33:23.0,00:37:23.0
130,G1949,SOH LI WEN,00:37:39.0,,All Ages,129,Male,129,Wave13 09:10:00,00:00:02.0,00:02:01.0,00:04:48.0,00:08:05.0,00:10:37.0,00:13:58.0,00:16:51.0,00:20:34.0,00:23:48.0,00:26:45.0,00:30:37.0,00:32:56.0,00:37:39.0
131,G1843,MUHAMMAD AMMIRUL ASHRAFF MOH ISA,00:37:46.0,,All Ages,130,Male,130,Wave6 08:35:00,00:00:03.0,00:02:25.0,00:05:08.0,00:12:29.0,00:14:22.0,00:17:03.0,00:20:24.0,00:24:06.0,00:27:07.0,00:29:25.0,00:32:25.0,00:34:16.0,00:37:46.0
132,G1905,XIN JIN CHIAM,00:37:47.0,,All Ages,131,Male,131,Wave10 08:55:00,00:00:02.0,00:02:44.0,00:05:34.0,00:10:03.0,00:11:50.0,00:14:42.0,00:18:15.0,00:21:31.0,00:26:29.0,00:29:41.0,00:32:55.0,00:35:08.0,00:37:47.0
133,G1863,JOHN CHEW,00:37:52.0,,All Ages,132,Male,132,Wave7 08:40:00,00:00:01.0,00:01:55.0,00:04:22.0,00:07:45.0,00:09:16.0,00:12:29.0,00:14:27.0,00:18:34.0,00:22:44.0,00:26:06.0,00:29:36.0,00:31:41.0,00:37:52.0
134,G1860,MUHAMMAD FARHAN ABDUL KADER,00:37:53.0,,All Ages,133,Male,133,Wave7 08:40:00,00:00:02.0,00:01:43.0,00:04:37.0,00:09:08.0,00:11:21.0,00:15:04.0,00:18:19.0,00:21:41.0,00:24:36.0,00:27:04.0,00:30:23.0,00:32:14.0,00:37:53.0
135,G1809,MUAZ HASANUDIN,00:37:53.0,,All Ages,134,Male,134,Wave4 08:25:00,00:00:02.0,00:02:31.0,00:05:07.0,00:08:08.0,00:10:49.0,00:14:10.0,00:17:27.0,00:20:42.0,00:26:22.0,00:29:23.0,00:32:42.0,00:28:56.0,00:37:53.0
136,G1814,JUN SHENG,00:38:04.0,,All Ages,135,Male,135,Wave4 08:25:00,00:00:02.0,00:02:11.0,00:04:50.0,00:08:15.0,00:11:00.0,00:14:35.0,00:17:30.0,00:21:36.0,00:25:45.0,00:28:16.0,00:31:23.0,00:33:44.0,00:38:04.0
137,G1779,LOH JUN,00:38:04.0,,All Ages,136,Male,136,Wave2 08:10:00,00:00:02.0,00:02:04.0,00:04:22.0,00:09:59.0,00:12:56.0,00:16:39.0,00:19:48.0,00:21:53.0,00:26:48.0,00:29:19.0,00:32:27.0,00:34:30.0,00:38:04.0
138,G1902,OMAR KHALAFF,00:38:07.0,,All Ages,137,Male,137,Wave10 08:55:00,00:00:02.0,00:02:25.0,00:05:12.0,00:08:20.0,00:10:16.0,00:13:37.0,00:16:10.0,00:21:08.0,00:25:57.0,00:28:38.0,,00:34:48.0,00:38:07.0
139,G1780,MOHD FAWWAZ WAFIY ABD HADI,00:38:18.0,,All Ages,138,Male,138,Wave2 08:10:00,00:00:00.0,00:02:04.0,00:04:14.0,00:07:14.0,00:08:34.0,00:11:37.0,00:15:11.0,00:21:03.0,00:24:37.0,00:27:29.0,00:31:07.0,00:33:17.0,00:38:18.0
140,G1993,CALVIN CHENG KAH WEI,00:38:18.0,,All Ages,139,Male,139,Wave16 09:25:00,00:00:01.0,00:02:27.0,00:04:57.0,00:10:56.0,00:13:31.0,00:16:48.0,00:19:29.0,00:22:18.0,00:26:03.0,00:28:59.0,00:32:01.0,00:34:18.0,00:38:18.0
141,G1836,WILLSON TEE,00:38:20.0,,All Ages,140,Male,140,Wave6 08:35:00,00:00:03.0,00:02:09.0,00:05:34.0,00:10:03.0,00:12:01.0,00:15:30.0,00:18:26.0,00:21:53.0,00:24:45.0,00:27:17.0,00:30:46.0,00:32:48.0,00:38:20.0
142,G1878,AMEER JAMALUDIN,00:38:22.0,,All Ages,141,Male,141,Wave8 08:45:00,00:00:02.0,00:02:32.0,00:05:06.0,00:08:41.0,00:10:18.0,00:13:09.0,00:15:29.0,00:17:43.0,00:22:38.0,00:25:21.0,00:29:03.0,00:33:05.0,00:38:22.0
143,G1974,KELVIN NG,00:38:35.0,,All Ages,142,Male,142,Wave14 09:15:00,00:00:03.0,00:02:36.0,00:05:18.0,00:08:46.0,00:11:37.0,00:14:50.0,00:18:00.0,00:20:40.0,00:25:44.0,00:28:20.0,00:32:18.0,00:34:40.0,00:38:35.0
144,G1924,FARDLY ILZANI,00:38:36.0,,All Ages,143,Male,143,Wave11 09:00:00,00:00:02.0,00:02:20.0,00:05:01.0,00:10:14.0,00:12:44.0,00:15:55.0,00:19:00.0,00:22:41.0,00:26:21.0,00:28:54.0,00:32:28.0,00:34:36.0,00:38:36.0
145,G1811,MOHD FARKHAN NORDIN,00:38:41.0,+00:02:10,All Ages,144,Male,144,Wave4 08:25:00,00:00:02.0,00:02:34.0,00:05:28.0,00:08:29.0,00:10:56.0,00:13:44.0,00:16:43.0,00:19:59.0,00:23:30.0,00:26:35.0,00:29:08.0,00:31:40.0,00:36:31.0
146,G1960,ALEX CHOW,00:38:41.0,,All Ages,145,Male,145,Wave14 09:15:00,00:00:03.0,00:02:31.0,00:05:24.0,00:08:21.0,00:10:56.0,00:14:33.0,00:18:10.0,00:21:34.0,00:26:47.0,00:29:43.0,00:33:15.0,00:35:27.0,00:38:41.0
147,G1778,AMIRUL HELMI,00:38:47.0,,All Ages,146,Male,146,Wave2 08:10:00,00:00:01.0,00:02:07.0,00:05:07.0,00:09:14.0,00:13:33.0,00:16:49.0,00:19:45.0,00:23:37.0,00:26:54.0,00:29:46.0,00:32:57.0,00:34:57.0,00:38:47.0
148,G1877,GEOFFREY HOW KAI XIANG,00:38:48.0,,All Ages,147,Male,147,Wave8 08:45:00,00:00:01.0,00:02:13.0,00:04:58.0,00:09:44.0,00:11:42.0,00:15:22.0,00:18:42.0,00:22:35.0,00:26:39.0,00:29:09.0,00:32:50.0,00:35:15.0,00:38:48.0
149,G1765,AYOB YAHAYA,00:38:56.0,,All Ages,148,Male,148,Wave2 08:10:00,00:00:01.0,00:02:18.0,00:05:05.0,00:10:08.0,00:14:12.0,00:17:18.0,00:20:18.0,00:23:38.0,00:26:38.0,00:29:06.0,00:32:17.0,00:34:15.0,00:38:56.0
150,G1956,AMIR YUSOF,00:39:03.0,,All Ages,149,Male,149,Wave13 09:10:00,00:00:00.0,00:02:33.0,00:05:52.0,00:09:22.0,00:11:54.0,00:15:46.0,00:18:38.0,00:22:27.0,00:28:02.0,00:30:00.0,00:33:47.0,00:35:48.0,00:39:03.0
151,G2011,PATMAPRIYAN NATHAN,00:39:06.0,,All Ages,150,Male,150,Wave3 08:20:00,00:00:03.0,00:02:26.0,00:04:55.0,00:09:46.0,00:12:52.0,00:16:28.0,00:18:44.0,00:21:31.0,00:26:18.0,00:29:07.0,00:32:19.0,00:34:50.0,00:39:06.0
152,G1899,CHUN WAI CHIANG,00:39:07.0,,All Ages,151,Male,151,Wave10 08:55:00,00:00:03.0,00:02:41.0,00:05:36.0,00:09:22.0,00:13:08.0,00:16:07.0,00:19:12.0,00:22:12.0,00:26:14.0,00:29:13.0,00:32:14.0,00:34:06.0,00:39:07.0
153,G1913,SEAN KHOO,00:39:10.0,,All Ages,152,Male,152,Wave11 09:00:00,00:00:02.0,00:02:23.0,00:04:32.0,00:08:01.0,00:11:55.0,00:15:34.0,00:17:39.0,00:21:58.0,00:26:12.0,00:29:17.0,00:32:55.0,00:35:33.0,00:39:10.0
154,G1957,AZLI NOOR,00:39:22.0,,All Ages,153,Male,153,Wave13 09:10:00,00:00:02.0,00:02:33.0,00:04:37.0,00:09:29.0,00:12:42.0,00:15:40.0,00:18:50.0,00:22:55.0,00:26:39.0,00:29:05.0,00:32:11.0,00:34:47.0,00:39:22.0
155,G1816,JEN HURN CHEOW,00:39:29.0,,All Ages,154,Male,154,Wave5 08:30:00,00:00:03.0,00:02:45.0,00:05:14.0,00:10:50.0,00:13:26.0,00:16:17.0,00:20:22.0,00:23:14.0,00:27:21.0,00:30:38.0,00:33:29.0,00:35:57.0,00:39:29.0
156,G1817,SYED MOHD FARID SYED MOHD TAHA,00:39:30.0,,All Ages,155,Male,155,Wave9 08:50:00,00:00:03.0,00:02:38.0,00:05:19.0,00:10:57.0,00:15:25.0,00:18:30.0,00:21:03.0,00:23:08.0,00:27:47.0,00:30:29.0,00:33:52.0,00:36:07.0,00:39:30.0
157,G1824,NISHAANTH ELANGO,00:39:40.0,,All Ages,156,Male,156,Wave16 09:25:00,00:00:00.0,00:01:56.0,00:04:53.0,00:09:00.0,00:12:04.0,00:15:50.0,00:18:38.0,00:22:17.0,00:25:00.0,00:27:54.0,00:31:44.0,00:33:51.0,00:39:40.0
158,G1971,FAHMI SALIHEN,00:39:45.0,,All Ages,157,Male,157,Wave14 09:15:00,00:00:03.0,00:02:56.0,00:05:41.0,00:09:16.0,00:11:37.0,00:15:01.0,00:17:26.0,00:20:54.0,00:25:50.0,00:29:10.0,00:32:28.0,00:34:47.0,00:39:45.0
159,G1955,FAKHRUL MUBIN MOHD FAUZI,00:39:47.0,,All Ages,158,Male,158,Wave13 09:10:00,00:00:01.0,00:02:10.0,00:04:19.0,00:09:25.0,00:12:01.0,00:15:33.0,00:19:01.0,00:22:01.0,00:26:33.0,00:29:24.0,00:32:32.0,00:34:41.0,00:39:47.0
160,G1752,SUREN KUMAR,00:39:51.0,,All Ages,159,Male,159,Wave1 08:00:00,00:20:08.0,00:02:43.0,00:05:38.0,00:10:57.0,00:13:09.0,00:16:18.0,00:19:46.0,00:23:04.0,00:26:23.0,00:29:11.0,00:32:11.0,00:34:40.0,00:39:51.0
161,G1983,BAYZEL ABIDIN PETERS,00:39:54.0,,All Ages,160,Male,160,Wave15 09:20:00,00:00:02.0,00:02:00.0,00:04:24.0,00:09:19.0,00:12:39.0,00:17:12.0,00:20:28.0,00:23:08.0,00:26:48.0,00:29:50.0,00:33:15.0,00:35:35.0,00:39:54.0
162,G1796,WAN AZRUL WAN MAT,00:40:07.0,,All Ages,161,Male,161,Wave3 08:20:00,00:00:02.0,00:02:12.0,00:04:41.0,00:09:21.0,00:12:27.0,00:16:11.0,00:19:27.0,00:22:26.0,00:27:17.0,00:30:22.0,00:33:58.0,00:36:27.0,00:40:07.0
163,G1881,MEGAT ISWADI MOHD IBRAHIM,00:40:10.0,,All Ages,162,Male,162,Wave9 08:50:00,00:00:03.0,00:02:50.0,00:06:09.0,00:10:52.0,00:12:46.0,00:15:47.0,00:19:44.0,00:24:12.0,00:27:21.0,00:30:24.0,00:33:20.0,00:35:53.0,00:40:10.0
164,G1928,JIA ZHENG LIM,00:40:11.0,,All Ages,163,Male,163,Wave12 09:05:00,00:00:03.0,00:02:29.0,00:05:27.0,00:08:53.0,00:11:36.0,00:15:51.0,00:17:49.0,00:21:39.0,00:26:27.0,00:29:37.0,00:33:15.0,00:35:37.0,00:40:11.0
165,G1787,NAVINDER SINGH,00:40:18.0,,All Ages,164,Male,164,Wave3 08:20:00,00:00:04.0,00:02:45.0,00:06:01.0,00:11:08.0,00:13:09.0,00:16:35.0,00:19:37.0,00:22:05.0,00:25:55.0,00:29:12.0,00:32:54.0,00:35:13.0,00:40:18.0
166,G1770,JOHN MAWIE GABRIEL,00:40:19.0,,All Ages,165,Male,165,Wave2 08:10:00,00:00:00.0,00:02:02.0,00:05:18.0,00:11:06.0,00:13:57.0,00:17:26.0,00:20:20.0,00:24:28.0,00:28:43.0,00:31:08.0,00:34:09.0,00:35:50.0,00:40:19.0
167,G1849,HARIZ KAMAL,00:40:22.0,,All Ages,166,Male,166,Wave7 08:40:00,00:00:03.0,00:02:27.0,00:05:15.0,00:09:24.0,00:14:35.0,00:17:50.0,00:20:31.0,00:22:32.0,00:28:04.0,00:30:52.0,00:34:26.0,00:37:12.0,00:40:22.0
168,G1950,MIRZA SHAH,00:40:25.0,,All Ages,167,Male,167,Wave13 09:10:00,00:00:03.0,00:02:37.0,00:05:22.0,00:09:18.0,00:12:43.0,00:15:49.0,00:19:35.0,00:23:44.0,00:27:48.0,00:30:33.0,00:33:18.0,00:35:27.0,00:40:25.0
169,G1969,WEI LOON OOI,00:40:28.0,,All Ages,168,Male,168,Wave14 09:15:00,00:00:03.0,00:02:25.0,00:04:40.0,00:07:45.0,00:10:04.0,00:13:25.0,00:16:48.0,00:19:37.0,00:23:28.0,00:26:18.0,00:29:51.0,00:32:25.0,00:40:28.0
170,G1800,SHAFIQ KAMAL,00:40:42.0,,All Ages,169,Male,169,Wave4 08:25:00,00:00:03.0,00:02:42.0,00:05:15.0,00:08:47.0,00:12:03.0,00:15:24.0,00:18:37.0,00:22:25.0,00:26:22.0,00:29:58.0,00:33:31.0,00:36:07.0,00:40:42.0
171,G1871,SEVA SANGAR S VISVANATHAN,00:41:06.0,+00:09:01,All Ages,170,Male,170,Wave8 08:45:00,00:00:02.0,00:02:31.0,00:05:33.0,00:09:21.0,00:10:21.0,00:13:14.0,00:15:34.0,00:18:31.0,00:20:55.0,00:23:20.0,00:26:13.0,00:27:48.0,00:32:05.0
172,G1916,KAMIL ARIF,00:41:06.0,,All Ages,171,Male,171,Wave11 09:00:00,00:00:03.0,00:02:28.0,00:05:48.0,00:08:55.0,00:12:41.0,00:16:38.0,00:19:29.0,00:23:07.0,00:27:39.0,00:30:27.0,00:34:01.0,00:36:55.0,00:41:06.0
173,G1805,JAY HU,00:41:08.0,,All Ages,172,Male,172,Wave4 08:25:00,00:00:02.0,00:02:39.0,00:05:24.0,00:09:03.0,00:11:55.0,00:14:32.0,00:17:42.0,00:25:09.0,00:28:18.0,00:31:01.0,00:34:12.0,00:36:42.0,00:41:08.0
174,G1804,SAU KEONG HU,00:41:10.0,+00:05:31,All Ages,173,Male,173,Wave4 08:25:00,00:00:02.0,00:02:38.0,00:05:03.0,00:09:32.0,00:11:01.0,00:14:17.0,00:17:13.0,00:21:04.0,00:25:02.0,00:27:36.0,00:30:33.0,00:32:39.0,00:35:39.0
175,G1977,JIA WEI CHONG,00:41:16.0,,All Ages,174,Male,174,Wave15 09:20:00,00:00:02.0,00:02:29.0,00:05:15.0,00:09:42.0,00:13:10.0,00:17:14.0,00:19:47.0,00:23:51.0,00:28:10.0,00:31:05.0,00:34:50.0,00:37:15.0,00:41:16.0
176,G1850,WEI JACK CHEN,00:41:20.0,,All Ages,175,Male,175,Wave7 08:40:00,00:00:02.0,00:02:00.0,00:04:16.0,00:08:50.0,00:11:51.0,00:15:08.0,00:17:57.0,00:23:46.0,00:29:40.0,00:32:08.0,00:34:38.0,00:36:40.0,00:41:20.0
177,G1773,MATTHEW JOSEPH,00:41:29.0,,All Ages,176,Male,176,Wave2 08:10:00,00:00:02.0,00:02:07.0,00:04:35.0,00:09:54.0,00:12:02.0,00:14:46.0,00:21:24.0,00:24:44.0,00:28:25.0,00:31:03.0,00:34:33.0,00:36:41.0,00:41:29.0
178,G1742,NAZRIN NORDIN,00:41:33.0,,All Ages,177,Male,177,Wave1 08:00:00,00:00:02.0,00:02:36.0,00:06:12.0,00:09:56.0,00:12:20.0,00:16:03.0,00:19:11.0,00:22:48.0,00:28:22.0,00:30:51.0,00:34:35.0,00:37:09.0,00:41:33.0
179,G1887,DARYL VINCENT NETTO,00:41:47.0,,All Ages,178,Male,178,Wave9 08:50:00,00:00:02.0,00:02:23.0,00:05:29.0,00:09:34.0,00:12:25.0,00:15:54.0,00:19:31.0,00:23:46.0,00:28:43.0,00:32:06.0,00:36:06.0,00:38:22.0,00:41:47.0
180,G1852,SYAZRIN MUHAMMAD,00:41:50.0,,All Ages,179,Male,179,Wave7 08:40:00,00:00:02.0,00:02:26.0,00:05:10.0,00:10:43.0,00:13:08.0,00:15:54.0,00:18:37.0,00:21:49.0,00:28:09.0,00:30:39.0,00:34:09.0,00:36:33.0,00:41:50.0
181,G1835,HOONG CHANG CHIN,00:41:51.0,,All Ages,180,Male,180,Wave6 08:35:00,00:00:02.0,00:02:14.0,00:05:07.0,00:11:20.0,00:13:30.0,00:16:18.0,00:20:27.0,00:25:25.0,00:29:36.0,00:32:51.0,00:36:08.0,00:38:06.0,00:41:51.0
182,G1953,CHEE YI KOH,00:41:56.0,,All Ages,181,Male,181,Wave13 09:10:00,00:00:02.0,00:02:20.0,00:05:23.0,00:09:39.0,00:14:28.0,00:17:54.0,00:21:46.0,00:25:41.0,00:29:54.0,00:32:32.0,00:35:56.0,00:37:45.0,00:41:56.0
183,G1941,MUHAMMAD FADZRUL HAFIDZ ROSTAM,00:41:56.0,,All Ages,182,Male,182,Wave12 09:05:00,00:00:02.0,00:02:35.0,00:05:35.0,00:09:06.0,00:11:30.0,00:14:58.0,00:17:50.0,00:21:51.0,00:25:23.0,00:28:00.0,00:31:31.0,00:33:49.0,00:41:56.0
184,G1761,MAGANDRA DASS HARIDAS,00:42:01.0,,All Ages,183,Male,183,Wave1 08:00:00,00:00:03.0,00:02:47.0,00:06:18.0,00:11:08.0,00:14:43.0,00:18:20.0,00:21:13.0,00:24:42.0,00:28:42.0,00:31:45.0,00:35:18.0,00:37:49.0,00:42:01.0
185,G2002,DARYL KHU,00:42:19.0,,All Ages,184,Male,184,Wave16 09:25:00,00:00:01.0,00:02:06.0,00:04:44.0,00:08:44.0,00:11:19.0,00:14:40.0,00:18:17.0,00:22:05.0,00:27:02.0,00:31:17.0,00:34:21.0,00:37:37.0,00:42:19.0
186,G1858,AMIRUL HAFIZ OTHMAN,00:42:20.0,,All Ages,185,Male,185,Wave7 08:40:00,00:00:02.0,00:02:17.0,00:04:44.0,00:10:16.0,00:13:11.0,00:17:03.0,00:20:17.0,00:25:23.0,00:29:00.0,00:31:53.0,00:35:00.0,00:37:07.0,00:42:20.0
187,G1954,MUHAMMAD IKRAM MOHD NOR,00:42:21.0,,All Ages,186,Male,186,Wave13 09:10:00,00:00:02.0,00:02:22.0,00:05:09.0,00:10:25.0,00:18:13.0,00:21:34.0,00:24:01.0,00:27:25.0,00:31:17.0,00:33:50.0,00:37:08.0,00:38:57.0,00:42:21.0
188,G2013,ASRUL ARIFF HJ ABDUL MALIK,00:42:31.0,,All Ages,187,Male,187,Wave3 08:20:00,00:00:03.0,00:02:10.0,00:05:08.0,00:10:41.0,00:15:02.0,00:18:08.0,00:22:13.0,00:24:46.0,00:28:28.0,00:31:28.0,00:35:10.0,00:37:27.0,00:42:31.0
189,G1862,MOHAMAD FATHUR HAFEEZAT MOHAMAD ZAHARI,00:42:45.0,,All Ages,188,Male,188,Wave7 08:40:00,00:00:03.0,00:03:01.0,00:05:59.0,00:11:04.0,00:14:05.0,00:17:31.0,00:20:29.0,00:25:18.0,00:28:50.0,00:31:50.0,00:35:11.0,00:37:46.0,00:42:45.0
190,G1970,SHAYFUL NAIM SHAFIE,00:43:04.0,,All Ages,189,Male,189,Wave14 09:15:00,00:00:03.0,00:03:17.0,00:06:12.0,00:12:40.0,00:15:56.0,00:19:12.0,00:23:13.0,00:26:42.0,00:30:40.0,00:33:31.0,00:36:55.0,00:39:22.0,00:43:04.0
191,G1915,JONATHAN JUDE,00:43:13.0,,All Ages,190,Male,190,Wave11 09:00:00,00:00:02.0,00:02:42.0,00:05:36.0,00:09:40.0,00:15:23.0,00:18:51.0,00:22:44.0,00:25:38.0,00:30:09.0,00:32:36.0,00:37:06.0,00:39:12.0,00:43:13.0
192,G1934,ANDREW YEOH,00:43:15.0,+00:05:51,All Ages,191,Male,191,Wave12 09:05:00,00:00:03.0,00:02:57.0,00:05:58.0,00:09:39.0,00:10:49.0,00:13:57.0,00:17:17.0,00:21:13.0,00:25:29.0,00:28:46.0,00:32:15.0,00:34:43.0,00:37:24.0
193,G1774,RONALD CHOO,00:43:27.0,,All Ages,192,Male,192,Wave2 08:10:00,00:00:03.0,00:02:17.0,00:05:35.0,00:10:42.0,00:14:28.0,00:19:08.0,00:22:56.0,00:27:33.0,00:31:29.0,00:34:15.0,00:37:19.0,00:39:16.0,00:43:27.0
194,G1923,CHANG JIAN KHOO,00:43:42.0,,All Ages,193,Male,193,Wave11 09:00:00,00:00:02.0,00:02:40.0,00:05:59.0,00:10:40.0,00:13:55.0,00:18:19.0,00:21:05.0,00:24:46.0,00:29:34.0,00:31:52.0,00:35:38.0,00:37:35.0,00:43:42.0
195,G1753,LEE KIAN PING,00:43:44.0,,All Ages,194,Male,194,Wave1 08:00:00,00:00:04.0,00:02:43.0,00:05:51.0,00:10:52.0,00:13:40.0,00:18:12.0,00:21:02.0,00:25:16.0,00:30:36.0,00:34:07.0,00:37:17.0,00:39:39.0,00:43:44.0
196,G1784,BERNARD JAN,00:43:45.0,,All Ages,195,Male,195,Wave3 08:20:00,00:00:03.0,00:02:46.0,00:05:48.0,00:11:08.0,00:14:26.0,00:18:06.0,00:22:10.0,00:25:57.0,00:30:39.0,00:34:31.0,00:37:43.0,00:40:07.0,00:43:45.0
197,G1892,GLENN NG CHENG HSIEN,00:43:47.0,,All Ages,196,Male,196,Wave9 08:50:00,00:00:02.0,00:02:24.0,00:05:27.0,00:08:59.0,00:10:57.0,00:15:05.0,00:18:25.0,00:24:41.0,00:30:14.0,00:33:39.0,00:37:28.0,00:40:33.0,00:43:47.0
198,G1996,LAI WENG HAN,00:44:10.0,,All Ages,197,Male,197,Wave16 09:25:00,00:00:01.0,00:02:07.0,00:04:53.0,00:13:07.0,00:16:25.0,00:19:18.0,00:23:07.0,00:27:32.0,00:32:22.0,00:35:09.0,00:38:32.0,00:41:13.0,00:44:10.0
199,G1921,JONATHAN KIM,00:44:24.0,,All Ages,198,Male,198,Wave11 09:00:00,00:00:02.0,00:02:40.0,00:06:07.0,00:10:18.0,00:12:30.0,00:15:52.0,00:19:31.0,00:23:14.0,00:29:28.0,00:33:28.0,00:36:41.0,00:39:06.0,00:44:24.0
200,G1829,MOHD ZAILAN MOHD YASIN,00:44:44.0,,All Ages,199,Male,199,Wave5 08:30:00,00:00:02.0,00:02:40.0,00:05:38.0,00:12:30.0,00:15:55.0,00:19:51.0,00:22:37.0,00:26:24.0,00:29:39.0,00:32:55.0,00:36:18.0,00:38:55.0,00:44:44.0
201,G1815,YOON YEAP LOW,00:45:52.0,,All Ages,200,Male,200,Wave4 08:25:00,00:00:03.0,00:02:07.0,00:05:18.0,00:09:14.0,00:13:54.0,00:17:50.0,00:20:45.0,00:25:32.0,00:31:15.0,00:34:28.0,00:38:28.0,00:40:46.0,00:45:52.0
202,G1845,JIN YONG TAN,00:45:53.0,,All Ages,201,Male,201,Wave6 08:35:00,00:00:03.0,00:02:18.0,00:05:07.0,00:09:59.0,00:13:34.0,00:17:57.0,00:20:34.0,00:24:37.0,00:30:34.0,00:33:44.0,00:36:45.0,00:39:43.0,00:45:53.0
203,G1808,TZE KING HO,00:45:55.0,+00:14:44,All Ages,202,Male,202,Wave4 08:25:00,00:00:03.0,00:02:40.0,00:05:07.0,00:06:06.0,00:07:25.0,00:09:59.0,00:13:09.0,00:15:53.0,00:18:47.0,00:21:19.0,00:23:48.0,00:26:41.0,00:31:11.0
204,G1930,MUHAMMAD AMIRULHAFIZ PUAT,00:45:58.0,,All Ages,203,Male,203,Wave12 09:05:00,00:00:02.0,00:03:01.0,00:05:41.0,00:10:44.0,00:14:03.0,00:18:01.0,00:20:20.0,00:25:11.0,00:31:32.0,00:34:26.0,00:38:12.0,00:41:17.0,00:45:58.0
205,G1925,MUHAMMAD SYAKIRIN MUHAMMAD ZAKI,00:46:17.0,,All Ages,204,Male,204,Wave11 09:00:00,00:00:01.0,00:02:11.0,00:04:15.0,00:08:34.0,00:12:04.0,00:15:37.0,00:19:10.0,00:24:39.0,00:29:31.0,00:32:26.0,00:37:53.0,00:40:27.0,00:46:17.0
206,G1918,MUAMMAR GADDAFI BAHARUDDIN,00:46:40.0,+00:02:53,All Ages,205,Male,205,Wave11 09:00:00,00:00:03.0,00:02:43.0,00:06:02.0,,00:15:07.0,00:19:38.0,00:22:19.0,00:26:26.0,00:31:05.0,00:34:10.0,00:38:10.0,00:40:42.0,00:43:47.0
207,G1933,SENG FUNG SIEW,00:46:55.0,,All Ages,206,Male,206,Wave12 09:05:00,00:00:02.0,00:02:22.0,00:04:57.0,00:08:50.0,00:12:55.0,00:16:19.0,00:19:15.0,00:25:05.0,00:30:14.0,00:33:03.0,00:36:42.0,00:39:16.0,00:46:55.0
208,G1882,MUHAMMAD DANIAL FITRI BIN AZMAN AHMAD,00:47:05.0,+00:03:18,All Ages,207,Male,207,Wave9 08:50:00,00:00:02.0,00:02:59.0,00:07:10.0,00:10:53.0,00:11:54.0,00:15:52.0,00:19:23.0,00:23:16.0,00:29:11.0,00:32:05.0,00:35:54.0,00:38:20.0,00:43:47.0
209,G1999,MUHAMMAD EZZUDDIN BIN ZULKIFELY,00:47:11.0,,All Ages,208,Male,208,Wave16 09:25:00,00:00:01.0,00:02:13.0,00:05:01.0,00:08:40.0,00:11:58.0,00:16:08.0,00:19:18.0,00:26:23.0,00:31:14.0,00:34:35.0,00:31:14.0,00:42:26.0,00:47:11.0
210,G1894,CHIA MING TOH,00:47:19.0,,All Ages,209,Male,209,Wave9 08:50:00,00:00:03.0,00:02:38.0,00:05:31.0,00:10:25.0,00:14:13.0,00:17:53.0,00:20:47.0,00:27:25.0,00:31:06.0,00:34:57.0,00:38:43.0,00:41:08.0,00:47:19.0
211,G1931,CHIN HONG CHAN,00:47:26.0,,All Ages,210,Male,210,Wave12 09:05:00,00:00:03.0,00:02:24.0,00:04:49.0,00:08:04.0,00:10:47.0,00:14:33.0,00:18:22.0,00:21:41.0,00:27:43.0,00:30:50.0,00:35:35.0,00:38:20.0,00:47:26.0
212,G1837,NIXON CHIA HUEY LAI,00:48:21.0,,All Ages,211,Male,211,Wave6 08:35:00,00:00:02.0,00:02:25.0,00:05:27.0,00:11:22.0,00:15:29.0,00:18:59.0,00:22:52.0,00:27:06.0,00:33:41.0,00:36:34.0,00:41:25.0,00:44:04.0,00:48:21.0
213,G1785,DILIP BABU,00:48:55.0,,All Ages,212,Male,212,Wave3 08:20:00,00:00:03.0,00:02:31.0,00:04:54.0,00:10:33.0,00:14:05.0,00:17:50.0,00:22:21.0,00:25:37.0,00:31:06.0,00:35:06.0,00:39:01.0,00:42:18.0,00:48:55.0
214,G1944,YIJING LEONG,00:49:07.0,,All Ages,213,Male,213,Wave13 09:10:00,00:00:03.0,00:02:34.0,00:06:08.0,00:10:15.0,00:15:06.0,00:18:27.0,00:22:13.0,00:28:06.0,00:33:45.0,00:36:55.0,00:41:20.0,00:43:29.0,00:49:07.0
215,G1940,HAZZAMIL HAMDAN,00:49:15.0,,All Ages,214,Male,214,Wave12 09:05:00,00:00:02.0,00:02:56.0,00:06:30.0,00:12:16.0,00:14:22.0,00:17:35.0,00:21:52.0,00:25:28.0,00:37:33.0,00:39:58.0,00:43:56.0,00:45:31.0,00:49:15.0
216,G1864,TEEN WUI LIM,00:49:16.0,,All Ages,215,Male,215,Wave8 08:45:00,00:00:02.0,00:02:27.0,00:05:16.0,00:09:38.0,00:12:58.0,00:17:12.0,00:24:16.0,00:30:21.0,00:36:28.0,00:39:37.0,00:43:11.0,00:46:05.0,00:49:16.0
217,G1952,RAIS IBRAHIM,00:49:37.0,,All Ages,216,Male,216,Wave13 09:10:00,00:00:01.0,00:02:35.0,00:05:06.0,00:10:56.0,00:13:26.0,00:17:00.0,00:21:37.0,00:27:22.0,00:33:09.0,00:36:26.0,00:39:56.0,00:43:21.0,00:49:37.0
218,G1979,MOHD HAFRIZ ROSLEE,00:49:38.0,,All Ages,217,Male,217,Wave15 09:20:00,00:00:00.0,00:02:31.0,00:04:58.0,00:13:41.0,00:18:18.0,00:21:29.0,00:26:11.0,00:32:52.0,00:37:22.0,00:39:48.0,00:42:56.0,00:45:40.0,00:49:38.0
219,G1968,SEAN YAP,00:49:40.0,,All Ages,218,Male,218,Wave14 09:15:00,00:00:02.0,00:02:30.0,00:04:48.0,00:09:23.0,00:14:36.0,00:18:11.0,00:22:48.0,00:27:21.0,00:32:13.0,00:35:47.0,00:40:25.0,00:43:13.0,00:49:40.0
220,G1848,MOHD AMIR MOHD DAUD,00:51:08.0,,All Ages,219,Male,219,Wave7 08:40:00,00:00:03.0,00:02:17.0,00:05:03.0,00:09:36.0,00:14:34.0,00:18:45.0,00:21:40.0,00:30:26.0,00:37:07.0,00:40:05.0,00:43:15.0,00:46:08.0,00:51:08.0
221,G1989,JEBAT SHAZWAN,00:51:48.0,,All Ages,220,Male,220,Wave15 09:20:00,00:00:02.0,00:02:10.0,00:05:40.0,00:08:25.0,00:10:59.0,00:15:09.0,00:21:28.0,00:27:28.0,00:36:54.0,00:39:53.0,00:43:22.0,00:46:02.0,00:51:48.0
222,G1935,MUHAMMAD SYAFIQ,00:52:08.0,,All Ages,221,Male,221,Wave12 09:05:00,00:00:02.0,00:03:03.0,00:06:15.0,00:11:20.0,00:13:58.0,00:17:27.0,00:22:12.0,00:26:05.0,00:33:25.0,00:37:05.0,00:42:07.0,00:45:08.0,00:52:08.0
223,G1795,BALA PICHUMANI,00:52:57.0,,All Ages,222,Male,222,Wave3 08:20:00,00:00:03.0,00:02:40.0,00:05:52.0,00:12:20.0,00:17:37.0,00:21:43.0,00:25:29.0,00:29:57.0,00:37:20.0,00:41:08.0,00:45:11.0,00:47:31.0,00:52:57.0
224,G1908,DE QIN,00:54:01.0,,All Ages,223,Male,223,Wave10 08:55:00,00:00:01.0,00:02:38.0,00:05:28.0,00:09:33.0,00:12:40.0,00:15:50.0,00:19:14.0,00:25:29.0,00:30:59.0,00:34:15.0,00:45:47.0,00:48:21.0,00:54:01.0
225,G1893,TI SEAN SIAH,00:54:18.0,,All Ages,224,Male,224,Wave9 08:50:00,00:00:03.0,00:02:39.0,00:05:16.0,00:10:12.0,00:12:48.0,00:16:42.0,00:19:17.0,00:27:10.0,00:36:31.0,00:39:53.0,00:43:32.0,00:49:06.0,00:54:18.0
226,G1998,MUHAMMAD NAZRIZAL BIN MOHAYADIN,00:56:36.0,,All Ages,225,Male,225,Wave16 09:25:00,00:00:00.0,00:02:42.0,00:06:14.0,00:11:53.0,00:16:22.0,00:20:18.0,00:26:17.0,00:31:04.0,00:39:07.0,00:43:13.0,00:47:16.0,00:50:23.0,00:56:36.0
227,G1857,MUHD HAZWAN MD NOH,00:57:43.0,+00:08:19,All Ages,226,Male,226,Wave7 08:40:00,00:00:03.0,00:03:08.0,00:07:19.0,00:09:01.0,00:13:34.0,00:17:22.0,00:20:44.0,00:26:41.0,00:34:46.0,00:38:36.0,00:43:18.0,00:45:07.0,00:49:24.0
228,G1880,ROSSNAN CHEONG SIU LEON,00:58:38.0,,All Ages,227,Male,227,Wave9 08:50:00,00:00:04.0,00:02:53.0,00:05:55.0,00:11:49.0,00:16:47.0,00:21:04.0,00:27:24.0,00:34:33.0,00:42:20.0,00:46:10.0,00:50:16.0,00:53:13.0,00:58:38.0
229,G1981,MOHD HELMI BIN RASID,00:58:45.0,+00:00:37,All Ages,228,Male,228,Wave15 09:20:00,00:00:01.0,00:02:16.0,00:05:22.0,00:11:45.0,00:17:05.0,00:20:36.0,00:25:33.0,00:31:28.0,00:41:19.0,00:43:50.0,00:48:26.0,00:52:23.0,00:58:08.0
230,G1985,MUHAMMAD NASHRIQUE BIN MOHAYADIN,00:59:49.0,+00:08:08,All Ages,229,Male,229,Wave15 09:20:00,00:00:02.0,00:02:52.0,00:06:05.0,00:11:00.0,00:13:21.0,00:17:11.0,00:22:16.0,00:29:22.0,00:35:54.0,00:40:57.0,00:43:17.0,00:46:31.0,00:51:41.0
231,G1964,JOHN YEOH,01:03:45.0,+00:09:13,All Ages,230,Male,230,Wave14 09:15:00,00:00:03.0,00:02:43.0,00:06:18.0,00:08:06.0,00:14:06.0,00:18:40.0,00:26:33.0,00:32:13.0,00:37:07.0,00:41:05.0,00:45:22.0,00:47:58.0,00:54:32.0
232,G1910,ISKANDAR ABD WAHAB,01:04:50.0,+00:07:53,All Ages,231,Male,231,Wave10 08:55:00,00:00:01.0,00:02:46.0,00:06:29.0,00:08:36.0,00:13:50.0,00:17:34.0,00:20:41.0,00:26:30.0,00:34:56.0,00:42:29.0,00:47:45.0,00:50:45.0,00:56:57.0
233,G1846,TONY LIEW YE ONN,01:06:16.0,+00:01:08,All Ages,232,Male,232,Wave6 08:35:00,00:00:04.0,00:02:29.0,00:06:16.0,00:12:08.0,00:16:51.0,00:20:50.0,00:28:46.0,00:35:13.0,00:46:18.0,00:49:50.0,00:55:09.0,00:58:58.0,01:05:08.0
234,G1833,SHATIN SAMY,01:06:43.0,,All Ages,233,Male,233,Wave6 08:35:00,00:00:03.0,00:02:25.0,00:05:12.0,00:09:30.0,00:13:39.0,00:16:52.0,00:22:23.0,00:47:09.0,00:52:46.0,00:55:28.0,00:58:28.0,01:01:41.0,01:06:43.0
235,G1932,PREMRAJ PERIASAMY,01:08:57.0,+00:04:48,All Ages,234,Male,234,Wave12 09:05:00,00:00:02.0,00:02:59.0,00:06:02.0,00:12:11.0,00:17:18.0,00:21:57.0,00:28:28.0,00:32:01.0,00:40:11.0,00:43:50.0,00:49:38.0,00:54:41.0,01:04:09.0
,G1961,CHESTER CHEW,DNF,,All Ages,,Male,,Wave14 09:15:00,00:00:02.0,00:02:32.0,00:05:00.0,00:10:09.0,00:12:09.0,00:17:23.0,,01:10:20.0,,,,,
,G1912,VUI KEN LIM,DNF,,All Ages,,Male,,Wave11 09:00:00,00:00:03.0,00:02:23.0,00:04:35.0,00:09:10.0,00:14:20.0,00:18:34.0,00:23:29.0,,,,,,
,G1889,LOO HOAI YEW,Started,,All Ages,,Male,,Wave9 08:50:00,00:00:03.0,00:02:41.0,00:05:20.0,00:11:53.0,00:16:29.0,00:20:46.0,00:24:22.0,00:40:12.0,,,,,
,G1886,NOOR AZLAN BIN ZOLKIFLI,Started,,All Ages,,Male,,Wave9 08:50:00,00:00:02.0,00:02:41.0,00:05:28.0,00:11:11.0,00:19:20.0,00:22:48.0,,02:33:25.0,,,,,
,G1855,YAP KAR WENG,Started,+00:08:34,All Ages,,Male,,Wave7 08:40:00,00:00:01.0,00:02:05.0,00:05:56.0,00:10:26.0,00:17:23.0,,,01:44:32.0,,,,,
